{
  "Player": [
    {
      "id": 1,
      "name": "Yong",
      "icon": "🐞",
      "money": 1510,
      "total": 21,
      "winCount": 1,
      "historys": [
        "21. 🍒 🍉 🍋 : YOU LOSE!",
        "20. 🍊 7️⃣ 🍎 : YOU LOSE!",
        "19. 🍉 🍉 💵 : YOU LOSE!",
        "18. 🍉 💵 🍋 : YOU LOSE!",
        "17. 🍋 🍋 🍎 : YOU LOSE!",
        "16. 🍋 🍊 ❌ : YOU LOSE!",
        "15. 🍊 ❌ 🍋 : YOU LOSE!",
        "14. 7️⃣ 7️⃣ 🍊 : YOU WIN!+500",
        "13. 🍊 💵 ❌ : YOU LOSE!",
        "12. 7️⃣ 🍓 🍉 : YOU LOSE!",
        "11. 🍎 ❌ 💵 : YOU LOSE!",
        "10. 7️⃣ 🍋 🍉 : YOU LOSE!",
        "9. 💵 🍋 🍓 : YOU LOSE!",
        "8. ❌ 💵 🍒 : YOU LOSE!",
        "7. 🍓 🍎 ❌ : YOU LOSE!",
        "6. ❌ 💵 ❌ : YOU LOSE!",
        "5. 🍉 💵 🍒 : YOU LOSE!",
        "4. 🍋 🍎 🍋 : YOU LOSE!",
        "3. 🍓 🍒 7️⃣ : YOU LOSE!",
        "2. 🍒 🍊 🍋 : YOU LOSE!",
        "1. 7️⃣ 🍋 🍒 : YOU LOSE!"
      ]
    },
    {
      "id": 2,
      "name": "Shell",
      "icon": "🐚",
      "money": 5290,
      "total": 25,
      "historys": [
        "25. 🍓 🍎 7️⃣ : YOU LOSE!",
        "24. 🍉 🍎 7️⃣ : YOU LOSE!",
        "23. 💵 🍋 💵 : YOU LOSE!",
        "22. 💵 🍊 🍋 : YOU LOSE!",
        "21. 🍋 🍋 🍊 : YOU LOSE!",
        "20. 🍋 🍓 💵 : YOU LOSE!",
        "19. 🍉 ❌ 🍓 : YOU LOSE!",
        "18. 💵 7️⃣ 🍓 : YOU LOSE!",
        "17. 🍎 🍓 ❌ : YOU LOSE!",
        "16. 🍓 🍒 🍉 : YOU LOSE!",
        "15. 🍊 🍓 🍉 : YOU LOSE!",
        "14. 🍋 💵 🍓 : YOU LOSE!",
        "13. ❌ 💵 💵 : YOU LOSE!",
        "12. 🍋 🍓 ❌ : YOU LOSE!",
        "11. 🍉 🍓 🍊 : YOU LOSE!",
        "10. 🍒 🍎 ❌ : YOU LOSE!",
        "9. 🍋 🍒 🍋 : YOU LOSE!",
        "8. 🍉 🍒 🍉 : YOU LOSE!",
        "7. 🍋 🍊 ❌ : YOU LOSE!",
        "6. 🍊 ❌ 🍎 : YOU LOSE!",
        "5. 7️⃣ ❌ 💵 : YOU LOSE!",
        "4. 7️⃣ ❌ 🍓 : YOU LOSE!",
        "3. ❌ 💵 🍉 : YOU LOSE!",
        "2. 🍎 🍊 🍊 : YOU LOSE!",
        "1. 🍋 🍋 🍉 : YOU LOSE!"
      ],
      "winCount": 0
    },
    {
      "id": 3,
      "name": "Bronze",
      "icon": "🦩",
      "money": 910,
      "total": 11,
      "winCount": 0,
      "historys": [
        "11. 🍎 ❌ 🍒 : YOU LOSE!",
        "10. 🍓 🍋 🍉 : YOU LOSE!",
        "9. 🍒 🍒 🍋 : YOU LOSE!",
        "8. 🍒 🍒 🍉 : YOU LOSE!",
        "7. ❌ 🍉 🍋 : YOU LOSE!",
        "6. ❌ 🍎 🍓 : YOU LOSE!",
        "5. 🍓 🍊 🍎 : YOU LOSE!",
        "4. 🍉 🍊 ❌ : YOU LOSE!",
        "3. 🍉 🍒 🍓 : YOU LOSE!",
        "2. 7️⃣ 🍋 🍒 : YOU LOSE!",
        "1. 🍋 🍉 🍒 : YOU LOSE!"
      ]
    },
    {
      "id": 4,
      "name": "Book",
      "icon": "🐼",
      "money": 2390,
      "total": 53,
      "winCount": 4,
      "historys": [
        "53. 🍉 7️⃣ 🍎 : YOU LOSE!",
        "52. 🍓 🍓 🍋 : YOU LOSE!",
        "51. 💵 🍓 🍋 : YOU LOSE!",
        "50. 💵 🍉 🍎 : YOU LOSE!",
        "49. 🍋 ❌ 🍒 : YOU LOSE!",
        "48. ❌ 💵 🍓 : YOU LOSE!",
        "47. 🍒 🍎 🍋 : YOU LOSE!",
        "46. ❌ 7️⃣ 💵 : YOU LOSE!",
        "45. 🍒 🍋 7️⃣ : YOU LOSE!",
        "44. 🍓 7️⃣ 🍉 : YOU LOSE!",
        "43. ❌ 🍎 🍉 : YOU LOSE!",
        "42. 🍉 ❌ 🍎 : YOU LOSE!",
        "41. 🍒 💵 🍒 : YOU LOSE!",
        "40. 💵 🍎 💵 : YOU LOSE!",
        "39. 💵 7️⃣ 💵 : YOU WIN!+60",
        "38. ❌ 🍒 🍒 : YOU LOSE!",
        "37. 🍒 🍊 🍊 : YOU LOSE!",
        "36. 🍎 🍓 💵 : YOU LOSE!",
        "35. ❌ 💵 ❌ : YOU LOSE!",
        "34. 🍉 🍉 🍒 : YOU LOSE!",
        "33. 💵 ❌ 🍎 : YOU LOSE!",
        "32. 💵 ❌ 🍎 : YOU LOSE!",
        "31. 🍒 🍊 🍒 : YOU LOSE!",
        "30. 7️⃣ 💵 🍒 : YOU LOSE!",
        "29. 🍉 7️⃣ 🍋 : YOU LOSE!",
        "28. 🍓 💵 🍎 : YOU LOSE!",
        "27. 🍊 🍉 7️⃣ : YOU LOSE!",
        "26. 🍓 💵 ❌ : YOU LOSE!",
        "25. 🍊 🍎 🍒 : YOU LOSE!",
        "24. 🍊 🍎 🍒 : YOU LOSE!",
        "23. 🍋 🍓 7️⃣ : YOU LOSE!",
        "22. 7️⃣ 🍓 7️⃣ : YOU WIN!+500",
        "21. 🍋 7️⃣ ❌ : YOU LOSE!",
        "20. 7️⃣ 7️⃣ 🍊 : YOU WIN!+500",
        "19. 🍋 🍓 💵 : YOU LOSE!",
        "18. 7️⃣ 🍉 🍊 : YOU LOSE!",
        "17. 🍒 🍎 🍓 : YOU LOSE!",
        "16. 7️⃣ 🍓 🍓 : YOU WIN!+20",
        "15. 🍓 ❌ 🍓 : YOU LOSE!",
        "14. 🍊 🍎 ❌ : YOU LOSE!",
        "13. 🍋 🍊 🍊 : YOU LOSE!",
        "12. 🍒 💵 💵 : YOU LOSE!",
        "11. 🍋 🍓 7️⃣ : YOU LOSE!",
        "10. 🍒 🍒 🍎 : YOU LOSE!",
        "9. 7️⃣ 🍎 ❌ : YOU LOSE!",
        "8. ❌ 🍉 7️⃣ : YOU LOSE!",
        "7. 🍋 🍒 🍉 : YOU LOSE!",
        "6. ❌ 🍊 🍎 : YOU LOSE!",
        "5. 🍊 🍓 🍎 : YOU LOSE!",
        "4. 🍒 ❌ 💵 : YOU LOSE!",
        "3. 🍓 🍓 🍊 : YOU LOSE!",
        "2. 🍒 🍎 🍎 : YOU LOSE!",
        "1. 💵 🍎 7️⃣ : YOU LOSE!"
      ]
    },
    {
      "id": 5,
      "name": "Boss",
      "icon": "🦦",
      "money": 130,
      "total": 12,
      "winCount": 2,
      "historys": [
        "12. 🍎 7️⃣ 🍎 : YOU WIN!+80",
        "11. ❌ 🍉 🍊 : YOU LOSE!",
        "10. 🍎 🍒 🍒 : YOU LOSE!",
        "9. 🍎 🍊 💵 : YOU LOSE!",
        "8. 🍓 7️⃣ 🍉 : YOU LOSE!",
        "7. 🍋 🍉 🍒 : YOU LOSE!",
        "6. 🍓 🍉 💵 : YOU LOSE!",
        "5. 🍒 🍒 7️⃣ : YOU WIN!+50",
        "4. 💵 🍋 🍉 : YOU LOSE!",
        "3. 🍋 🍉 🍋 : YOU LOSE!",
        "2. 🍒 ❌ 7️⃣ : YOU LOSE!",
        "1. 🍓 🍓 💵 : YOU LOSE!"
      ]
    }
  ],
  "CurrentUser": [
    {
      "id": "user",
      "activateUser": 1
    }
  ]
}